Episode,Reward
0,-84.4763
1,-64.39966666666668
2,-63.51183333333333
3,-61.628899999999994
4,36.557366666666674
5,-37.98616666666667
6,-48.86196666666667
7,-18.569666666666667
8,-45.96363333333333
9,93.89179999999999
10,65.2592
11,-62.1932
12,-41.924366666666664
13,-20.293233333333333
14,11.537976666666665
15,-33.774750000000004
16,-48.31756333333334
17,-35.96698333333333
18,-17.016540000000003
19,-3.3341700000000003
20,-17.893312666666663
21,-15.355225333333335
22,-16.17445
23,-3.69507
24,-1.347944
25,-2.0407033333333335
26,-1.5013983333333334
27,-2.5693066666666664
28,-3.626553566666667
29,1.126966666666667
30,2.72958
31,-25.36618
32,-24.24005866666667
33,-15.697753999999998
34,-20.459854
35,-18.75351
36,-7.457154
37,12.50361
38,11.90289
39,-11.215566666666666
40,-20.885526666666667
41,13.959347333333334
42,0.5066517333333334
43,0.724903
44,1.7828499999999998
45,1.324631
46,1.1611233333333333
47,-0.1668776666666667
48,-0.19640733333333335
49,0.9713566666666665
50,0.12480313333333333
51,0.7966289999999999
52,4.065548766666667
53,-3.5854060333333333
54,0.08102260000000001
55,-2.885284
56,-2.960198333333333
57,-0.8975126666666663
58,-2.817888333333333
59,-1.9041060000000003
60,-2.8760266666666667
61,-0.49381866666666663
62,-1.0288466666666667
63,0.02415766666666667
64,-1.6317130000000002
65,-1.6226383333333334
66,-1.7016466666666668
67,-2.429046666666667
68,-1.6954233333333333
69,-1.8976986666666666
70,-1.5402076666666664
71,-0.7584580000000001
72,-0.6106436666666667
73,0.026191466666666663
74,-1.9981886666666666
75,-0.050066000000000006
76,0.01750733333333332
77,0.28152666666666665
78,-0.5776863333333333
79,0.09524700000000001
80,0.314931
81,-0.005517833333333333
82,0.26689
83,0.4815809999999998
84,1.8518033333333335
85,1.3022503333333335
86,0.49429133333333325
87,0.6652003333333333
88,0.7387856666666667
89,0.4559446666666667
90,0.12793066666666666
91,0.174925
92,1.2489653333333333
93,-3.1937420000000003
94,3.208581333333333
95,30.69638
96,-0.08815333333333324
97,10.009355999999999
98,-0.20968399999999998
99,0.5216274666666666
100,-0.21678033333333338
101,0.5850780666666666
102,0.6349076666666666
103,0.4585527
104,-0.34369866666666665
105,6.448453333333333
106,-17.747903333333333
107,0.6282573333333333
108,0.38156799999999996
109,0.6792539999999999
110,0.5438850000000001
111,2.455813333333334
112,-0.6477583333333333
113,0.47033433333333335
114,-17.520482333333334
115,-21.577288999999997
116,-0.5431633333333333
117,-1.302425
118,-0.7199033333333333
119,18.670403333333336
120,12.511923333333334
121,9.851973333333333
122,5.650428000000001
123,8.079163333333332
124,-24.707577999999998
125,10.684727666666667
126,1.2113953
127,0.5182053
128,-0.5317196666666667
129,0.43963133333333326
130,0.7743866666666667
131,-0.37387333333333334
132,0.2810736666666667
133,-0.5004343333333334
134,1.1781353333333333
135,1.1136793
136,-0.5702949999999999
137,-1.598825
138,0.44521366666666656
139,1.8334790000000003
140,0.050671999999999974
141,0.9899054333333334
142,0.34321766666666664
143,0.8686039999999999
144,1.6414626666666667
145,1.91042
146,-1.5311966666666665
147,-0.0697996666666667
148,-0.10925069999999999
149,-0.458228
150,0.023911333333333323
151,4.313553
152,0.09650406666666662
153,0.4116583333333333
154,0.45394333333333337
155,-4.074860999999999
156,0.04702233333333335
157,0.273417
158,0.6383497666666668
159,1.3044566666666666
160,0.7217107333333335
161,0.9743554333333333
162,0.7958186666666668
163,0.6762589999999999
164,65.567302
165,6.380553666666667
166,52.3184421
167,66.03828209999999
168,102.94973266666666
169,46.900141
170,71.75156199999999
171,73.491264
172,99.47085866666667
173,112.43768533333333
174,87.79162663333334
175,75.16544966666667
176,114.12076666666667
177,128.97691233333333
178,102.881803
179,70.50110000000001
180,113.09433766666668
181,106.92122543333333
182,97.86998
183,84.41198013333333
184,78.92911676666667
185,77.08962666666666
186,77.09304566666667
187,98.89131933333334
188,109.29074833333334
189,95.49123333333334
190,102.65429999999999
191,81.60326333333335
192,81.6562
193,86.35226466666667
194,82.04289333333334
195,58.4132531
196,111.465905
197,62.459826666666665
198,67.42879966666668
199,93.249726
200,123.95862333333332
201,103.30271666666665
202,87.979016
203,86.80591
204,82.13463
205,112.67859633333335
206,78.94354666666666
207,110.35713366666666
208,71.53081999999999
209,94.88873333333333
210,74.23534333333335
211,91.84253399999999
212,96.57570066666666
213,68.63811333333332
214,94.68917466666664
215,90.16344033333333
216,70.65153
217,88.62828
218,91.17266000000001
219,94.57091196666669
220,83.48571366666667
221,84.23213
222,67.90795
223,98.42285666666668
224,83.82053
225,62.10606333333334
226,56.74022833333334
227,109.2453
228,112.87913000000002
229,84.70840766666667
230,82.66820726666667
231,116.93630000000002
232,82.83244066666667
233,73.472402
234,111.16904
235,74.12800333333333
236,91.62594
237,111.150087
238,64.99441333333333
239,87.60631333333333
240,74.04568866666666
241,108.116279
242,52.781768
243,97.86532333333334
244,76.858197
245,84.60527266666666
246,97.27189999999997
247,88.86861894333333
248,95.04144166666667
249,100.09022333333333
250,95.43706266666668
251,95.28276
252,74.82704333333332
253,88.00548766666667
254,102.02518533333334
255,108.17915166666667
256,76.965829
257,94.96736333333332
258,80.48097333333334
259,144.61224
260,95.42228200000001
261,98.78352100000001
262,96.743793
263,70.61277633333334
264,126.06244833333331
265,-8.517120133333332
266,-14.168826666666668
267,-6.222500666666668
268,-15.192853333333334
269,-9.519876
270,-3.4578903333333333
271,88.09499433333333
272,106.39422033333334
273,103.09598000000001
274,107.78292333333333
275,93.71027600000001
276,90.31948
277,85.2756
278,85.29932333333333
279,66.15083333333332
280,88.02734866666667
281,81.432969
282,69.50037866666666
283,106.94763333333333
284,98.96535
285,105.718194
286,97.86658366666667
287,89.36352699999999
288,77.5534
289,72.99958
290,88.0612
291,-33.5973
292,-27.02010766666667
293,-29.21341
294,-9.943575333333333
295,89.95817666666666
296,74.10899666666667
297,-22.240646666666667
298,98.79140000000001
299,79.06217766666667
300,-19.3953
301,-1.5293733333333321
302,11.019553333333334
303,7.810630000000001
304,15.223128333333335
305,62.37510133333333
306,49.85470623333333
307,54.09485633333333
308,13.586636666666665
309,11.924199999999999
310,0.17083966666666664
311,1.3207636666666667
312,1.0819886
313,0.33339843333333335
314,0.026508333333333356
315,0.4306826666666667
316,0.5930073333333333
317,0.25628666666666666
318,-0.21073666666666657
319,-0.7292126666666667
320,4.210444
321,3.2097433333333334
322,5.878398333333333
323,9.487275666666667
324,6.915408
325,7.038950000000001
326,8.640083333333333
327,15.777807000000001
328,3.3466299999999998
329,8.121213333333333
330,-11.605996666666664
331,8.557
332,9.834246666666667
333,3.4600806666666664
334,-1.6793456666666666
335,0.8686060000000001
336,-3.5883263333333333
337,0.27880900000000003
338,-1.0540433333333332
339,-10.895769666666666
340,-24.619529999999997
341,-25.780313333333336
342,-26.3044209
343,-6.741779999999999
344,-8.2119
345,-4.07684
346,-6.248915
347,7.696279999999999
348,-5.338151866666667
349,-0.09377700000000051
350,86.780433
351,79.11133
352,98.17852333333333
353,129.07846666666666
354,101.2512
355,97.74159999999999
356,13.20736
357,-14.989260000000002
358,-8.471233333333336
359,7.037854666666667
360,4.5317942
361,16.53567166666667
362,17.35621666666667
363,7.594753000000001
364,6.180876666666666
365,11.138320333333334
366,0.49616066666666675
367,3.618088333333333
368,3.693630666666667
369,5.67968
370,3.4825266666666663
371,1.9061987533333333
372,3.54351
373,4.079109
374,5.084695
375,3.0967658
376,6.706904999999999
377,2.2403711333333334
378,7.7541
379,5.230346666666666
380,2.1917286666666667
381,-14.786142666666668
382,-12.9199
383,-13.348423333333331
384,-6.2688533333333325
385,-7.232913333333333
386,-12.342566666666668
387,-16.292666666666666
388,-14.149112333333335
389,-20.094066666666667
390,7.538213333333334
391,2.06649
392,2.858059733333333
393,4.445113333333333
394,-13.439844200000001
395,7.884253333333334
396,3.429998666666666
397,-22.368526666666668
398,-9.381213333333333
399,-4.4989
400,-1.9851163333333333
401,0.1415095666666666
402,-3.6790206666666663
403,-0.97049
404,-0.2846203333333333
405,0.8527696666666666
406,0.373737
407,0.5266423333333333
408,0.5751833333333333
409,-1.27499
410,0.6336066666666667
411,0.40625
412,-0.6213810000000001
413,0.2568376666666667
414,2.1045186666666664
415,0.3829981333333334
416,-0.13504133333333335
417,-1.8099953
418,0.9673853333333334
419,0.07933833333333334
420,-0.451095
421,0.0
422,-23.50657
423,-1.091704
424,-1.6639303333333333
425,-3.087775
426,-26.05234056666667
427,-14.481020666666668
428,1.2590016666666666
429,-0.11228766666666667
430,-0.9832903333333333
431,0.2511866666666667
432,7.292911333333333
433,10.147283333333332
434,-3.110126666666666
435,12.334300333333333
436,13.4409
437,6.3222206666666665
438,4.13497
439,9.192554333333334
440,4.770778666666667
441,1.9688
442,9.27134
443,16.8393523
444,8.266150000000001
445,11.474448
446,10.65646
447,13.165480133333332
448,7.276506
449,10.309123333333332
450,11.498985666666668
451,2.27928
452,-2.0431863333333333
453,-14.395005000000003
454,-1.3650200000000001
455,-0.4333993333333333
456,0.19197599999999992
457,-0.6317659999999999
458,-2.759090666666667
459,-0.5975626666666668
460,1.8491466666666667
461,1.49247
462,0.3130366666666668
463,-1.0218266666666667
464,0.746963
465,0.7203899999999998
466,13.740082666666666
467,12.572642666666667
468,1.9436133333333334
469,5.3797983333333335
470,0.5901199999999998
471,-2.182981
472,6.1154
473,12.254928666666666
474,-1.4043836666666667
475,0.5199013333333333
476,0.7628166666666667
477,-5.881532
478,-1.3278066666666666
479,-0.22067433333333333
480,-1.6903333333333332
481,-5.124446666666667
482,11.303332333333332
483,10.617896666666667
484,8.261602
485,-0.4816900000000001
486,1.193685
487,1.109912
488,-3.3373900000000005
489,1.2559656666666668
490,2.2597219
491,-18.338212333333335
492,-20.949043333333332
493,-18.913971
494,-14.94442
495,-19.73951333333333
496,-1.4338430000000002
497,1.514257
498,-3.088017333333333
499,0.7538226666666666
500,1.5974316666666668
501,2.8227343333333335
502,-20.090952666666666
503,-7.859953333333333
504,0.7730833333333335
505,-24.279700000000002
506,10.08146666666667
507,89.64063333333333
508,101.28477333333335
509,74.49423
510,53.643836666666665
511,-15.588916666666664
512,1.0627366666666667
513,4.050673333333333
514,3.7705796666666664
515,5.982375666666666
516,5.134744666666666
517,13.527447
518,10.673699999999998
519,12.394666666666668
520,6.026485666666666
521,4.322496666666667
522,108.50003333333332
523,6.953659999999999
524,82.95807066666667
525,74.28959033333334
526,93.31540000000001
527,30.73036666666667
528,81.28363333333333
529,91.13439999999999
530,105.77962266666667
531,134.45501833333333
532,86.11677896666667
533,122.33477999999998
534,100.47193333333333
535,92.32033000000001
536,91.52036666666667
537,82.62294876666667
538,75.3609
539,103.96466733333334
540,132.63584466666666
541,113.12314733333335
542,98.44278333333334
543,89.176206
544,65.88541566666667
545,76.35668
546,69.76915999999999
547,85.2609
548,56.021233333333335
549,69.87026666666667
550,120.69563333333332
551,83.21073333333334
552,63.816236333333336
553,77.97335666666666
554,96.09605499999999
555,96.35484896666668
556,82.14760133333334
557,73.19477133333332
558,67.17411333333332
559,99.42214333333334
560,99.11296333333333
561,84.12450533333333
562,96.45180766666668
563,88.29390000000001
564,109.23089766666668
565,98.25296333333334
566,80.83671833333334
567,99.32495266666666
568,68.76651266666667
569,108.81765866666667
570,109.86338833333333
571,93.97217833333333
572,105.38756833333333
573,92.76676266666668
574,75.33665066666667
575,89.79814666666668
576,88.26627
577,102.68243333333334
578,68.84626166666666
579,86.03467666666666
580,117.67418073333333
581,84.132608
582,99.81758666666667
583,85.14903333333335
584,111.21476999999999
585,84.913695
586,80.94053333333333
587,106.25289833333335
588,69.024249
589,94.69325333333335
590,78.37171333333333
591,127.53686
592,93.16012333333335
593,72.084161
594,77.54185666666666
595,109.78036866666667
596,190.74706666666665
597,182.25128733333335
598,148.07106666666667
599,172.0375
600,185.36390000000003
601,168.238585
602,196.07453333333333
603,95.85283199999999
604,85.96321543333333
605,42.18863333333333
606,91.52682366666666
607,85.29236100000001
608,44.46900933333333
609,73.38963733333334
610,180.91466666666665
611,176.58260700000002
612,178.98266666666666
613,171.44430833333334
614,189.31654133333336
615,201.27999999999997
616,159.28300466666667
617,169.13199999999998
618,56.9983
619,100.36120933333332
620,70.93413333333334
621,108.06214876666667
622,96.13712333333335
623,78.75118
624,72.1907
625,73.78138333333334
626,77.01095233333332
627,185.22166666666666
628,166.083
629,167.83076400000002
630,177.54168
631,184.79182566666668
632,167.855
633,75.06106666666666
634,66.75403333333333
635,75.42306666666667
636,75.17582333333333
637,116.873927
638,147.38366666666667
639,122.06829799999998
640,82.226226
641,103.23370666666666
642,118.62810333333334
643,124.50350333333331
644,207.8503333333333
645,194.80088
646,186.22009666666668
647,80.8284574
648,87.81523699999998
649,93.451006
650,79.96081
651,82.63503099999998
652,91.61613333333332
653,173.0071
654,203.94066666666666
655,199.37133333333335
656,161.21516666666665
657,206.33770333333334
658,197.43825666666666
659,147.06514633333333
660,101.8775
661,69.30479433333333
662,76.687051
663,99.21628733333334
664,93.69110266666667
665,120.28377333333333
666,96.11228633333333
667,76.82459666666666
668,85.333424
669,83.60396333333334
670,88.827
671,83.99287666666667
672,94.382834
673,80.51191433333334
674,65.11868666666666
675,114.91688666666666
676,-11.936673333333333
677,-8.756403333333333
678,-9.062100000000001
679,95.416
680,89.61724
681,101.29989
682,102.54099333333333
683,120.98827999999999
684,169.96812
685,174.65933333333336
686,191.75710733333335
687,93.65206666666667
688,210.45633333333333
689,174.33194
690,134.511774
691,127.61266666666666
692,199.72171666666668
693,71.72116666666666
694,76.39008499999998
695,82.34917666666668
696,98.75550333333335
697,186.52466666666666
698,190.12376000000003
699,209.80943666666667
700,150.56026666666665
701,214.8854666666667
702,173.37283333333335
703,172.48690333333334
704,157.36181
705,203.48793333333333
706,195.95146666666665
707,213.54569999999998
708,211.60933333333332
709,187.18410000000003
710,190.0719333333333
711,151.7852
712,198.5569
713,176.13306
714,171.75040033333335
715,204.11623880000002
716,193.68675999999996
717,207.40033000000003
718,209.79981576666668
719,201.04
720,199.03698999999997
721,159.60652100000001
722,178.11370766666667
723,219.02975166666667
724,185.78306
725,178.86999566666668
726,153.739104
727,195.83630000000002
728,201.97815666666665
729,185.67204999999998
730,197.05453333333332
731,212.38176666666666
732,154.52755233333335
733,172.79767666666666
734,196.50481633333334
735,183.26336666666666
736,175.36733333333336
737,158.53566666666666
738,184.04696833333333
739,123.10714733333333
740,176.48556599999998
741,181.02985633333333
742,200.95569999999998
743,168.30116666666666
744,183.20178233333334
745,152.286443
746,197.65490599999998
747,195.95833333333334
748,81.130979
749,103.27066666666667
750,103.448149
751,81.64491133333333
752,87.61771733333332
753,91.69913066666668
754,93.84377333333333
755,105.36904666666665
756,69.22294333333333
757,87.29351666666666
758,-2.0755570000000003
759,-7.701296666666667
760,-15.983333333333334
761,-15.610211966666666
762,-15.843706666666668
763,-8.639523333333335
764,-7.427894666666667
765,-15.112640333333331
766,-6.075580333333334
767,-29.40995186666667
768,16.26456966666667
769,-12.027500000000002
770,-12.605505999999998
771,-6.501763333333333
772,-26.653038
773,-26.07564933333333
774,-5.4306616666666665
775,-26.074918
776,-1.9184426666666667
777,0.3153706666666667
778,-13.830598666666667
779,-1.6313633333333335
780,-0.8280089999999999
781,5.835496666666667
782,-10.146426666666667
783,-1.9702719999999998
784,-0.5564533333333336
785,-0.6651596666666667
786,12.403053
787,-0.47567266666666663
788,-22.518023333333332
789,0.3772866666666667
790,59.35783333333333
791,9.506206666666666
792,100.71865566666666
793,43.58766333333333
794,100.27366999999998
795,-1.788666666666667
796,-14.900778
797,-6.478294333333333
798,-0.06736666666666664
799,-5.189505333333333
800,-8.054661000000001
801,-13.988246666666667
802,-10.537466666666667
803,83.02455
804,82.08204666666667
805,-1.8636199999999998
806,-9.038448833333332
807,97.98118186666666
808,99.66738
809,78.83301
810,70.98647933333334
811,93.70254333333332
812,60.12875333333333
813,-25.890458666666664
814,12.36669
815,0.623266666666666
816,-4.960415333333334
817,-23.52467333333333
818,0.541719
819,-1.4718499999999999
820,-1.00374713
821,-1.6753316666666667
822,0.0
823,-0.3222873333333333
824,-0.04200133333333337
825,0.6131756666666667
826,-4.033210866666667
827,0.021922666666666646
828,0.4836643333333333
829,-0.37989633333333334
830,0.520206
831,-13.050130999999999
832,0.735
833,-20.701684
834,80.1304299
835,20.377352000000002
836,72.68220266666667
837,89.49800033333334
838,39.27124
839,8.471819
840,80.31741336666666
841,87.34179333333334
842,61.78215
843,106.23066666666666
844,99.78743333333334
845,79.39302666666667
846,96.41818566666667
847,119.78709333333332
848,102.86317666666666
849,-7.780126333333334
850,-24.45558366666667
851,-7.9055
852,-27.388848333333332
853,-28.1442
854,-26.968538566666666
855,-27.603783333333336
856,-14.968168333333333
857,-20.962026666666667
858,-14.586879333333334
859,-16.935373333333335
860,-19.233373333333333
861,-22.395133333333334
862,-13.335804333333334
863,-15.146933333333331
864,-27.70007
865,-27.231724999999997
866,-31.600723333333335
867,-28.398702333333333
868,-28.443226999999997
869,-26.819486833333332
870,21.737313333333333
871,-10.030263333333334
872,106.84651666666667
873,96.68457933333333
874,77.60652766666666
875,-0.06327333333333322
876,-0.9601553333333332
877,0.031398999999999976
878,-4.315846333333334
879,-2.95314
880,-6.213613333333334
881,0.5445334333333333
882,-0.52038
883,-0.34809599999999996
884,-2.48751
885,0.5362399999999999
886,-13.65918
887,-17.434102633333335
888,-20.206464999999998
889,-10.904666666666666
890,-5.337449333333333
891,-0.178756
892,-0.15013733333333337
893,-3.6158633333333334
894,84.14370000000001
895,-2.9813446666666668
896,-1.1857685333333334
897,3.461793333333333
898,1.62611
899,-0.4624433333333333
900,0.7175613333333333
901,-0.019924666666666663
902,-0.2784933333333333
903,-1.6418280000000003
904,-3.0562502666666664
905,100.74854866666668
906,94.97478966666667
907,-2.0939616666666665
908,8.3571
909,59.09116666666666
910,79.71405766666666
911,40.33524333333334
912,55.091766666666665
913,80.35419999999999
914,47.40616666666667
915,71.6451
916,64.16290633333334
917,57.33286666666667
918,-11.655906
919,-11.2281685
920,100.13251406666667
921,103.29590533333332
922,94.50818
923,76.61824
924,106.71898333333333
925,87.25772699999999
926,92.11792000000003
927,103.93422666666667
928,59.58683333333334
929,79.66161133333334
930,-11.291956333333333
931,-8.902376666666667
932,-9.846406333333334
933,-5.934376333333334
934,-12.103812666666665
935,-7.085629966666667
936,-27.510386666666665
937,-27.160713
938,-27.607200000000002
939,-8.961069666666667
940,-29.251230000000003
941,-25.985747333333336
942,-19.544288666666667
943,-31.14886733333333
944,-25.929033333333336
945,-26.771283333333333
946,-21.588323333333335
947,-4.878733333333334
948,40.02287333333333
949,88.74040333333333
950,109.83452999999999
951,90.98311999999999
952,64.47107166666667
953,75.87740333333333
954,92.70834833333333
955,87.85649333333333
956,88.68131
957,91.40204666666666
958,95.89844666666666
959,105.12669999999999
960,92.58561233333334
961,76.64812666666667
962,100.11133933333332
963,113.58906999999999
964,103.34944366666667
965,105.52463733333333
966,109.22001666666667
967,45.947969
968,106.72839466666666
969,66.60676633333334
970,75.64788566666667
971,102.83698366666665
972,74.110758
973,99.379655
974,105.562056
975,-7.256530000000001
976,-10.674545
977,-7.765767666666666
978,-13.306216000000001
979,-14.141466666666666
980,-6.676456000000001
981,-2.973552
982,-14.747476666666666
983,-8.041110666666667
984,-11.467523333333332
985,-33.7602
986,-26.47840933333333
987,-30.524404096666668
988,-33.63023333333333
989,-14.794050333333333
990,-42.596759999999996
991,-19.231966333333336
992,101.97875266666667
993,80.68231166666666
994,99.03198800000001
995,107.997142
996,86.17939210666667
997,90.34304563333335
998,102.30028033333333
999,-28.109491000000002
1000,30.7257111
1001,9.748438
1002,51.850392
1003,-31.47463333333333
1004,-32.54550666666667
1005,-28.12361
1006,-3.75158
1007,-1.8343056000000002
1008,-1.4102936666666668
1009,0.5276126666666666
1010,-1.5284319999999998
1011,-1.7322546666666667
1012,-0.5163096666666667
1013,-0.9386813333333333
1014,-0.894317
1015,0.21811000000000003
1016,-0.036199333333333326
1017,1.167375
1018,-2.207428333333333
1019,-2.5216546666666666
1020,0.3458693333333333
1021,7.6092233333333334
1022,-1.6975836666666668
1023,-0.5759833333333333
1024,-1.2534372999999999
1025,0.10786866666666667
1026,-0.46475833333333333
1027,0.2067924
1028,0.14685666666666664
1029,-0.5519743333333333
1030,-0.868631
1031,-0.197331
1032,0.372228
1033,-0.09310413333333334
1034,-0.05627760000000001
1035,-0.537648
1036,-1.9139510000000002
1037,-4.897390000000001
1038,-0.7654506666666666
1039,-3.6381300000000003
1040,-0.7508783333333334
1041,-1.6632930000000001
1042,1.5017566666666664
1043,-0.2541373333333334
1044,0.022047
1045,-4.0794749999999995
1046,-1.0971506666666666
1047,4.198956666666667
1048,-3.463812666666667
1049,-3.6887899999999996
1050,-4.153853333333333
1051,-0.5562063333333334
1052,-30.122943333333335
1053,-22.393124666666665
1054,-2.3550583333333335
1055,-2.2243600000000003
1056,-3.8166026666666664
1057,-0.16201
1058,-0.9063833333333333
1059,-26.008309999999998
1060,-1.0227826666666666
1061,1.20013
1062,1.0033856666666667
1063,-10.448166666666667
1064,16.251478966666667
1065,-1.3116013333333334
1066,52.16206333333333
1067,3.222371666666666
1068,1.5346190000000002
1069,3.608083333333333
1070,8.494415666666667
1071,11.471821
1072,50.39853999999999
1073,34.928733333333334
1074,0.9596466666666666
1075,-1.460433
1076,-4.4196
1077,0.039149666666666715
1078,0.32647466666666664
1079,-0.4146733333333334
1080,-1.10334
1081,-2.5097140000000002
1082,0.05903766666666666
1083,-1.3095649666666667
1084,66.32517
1085,41.2695035
1086,54.610102000000005
1087,0.21300200000000005
1088,6.1261323333333335
1089,4.549051166666666
1090,-29.021563333333333
1091,46.547926666666676
1092,93.17001666666668
1093,85.06493333333333
1094,114.433523
1095,93.19462
1096,93.32049033333332
1097,72.14460943333333
1098,75.36985
1099,93.30136833333334
1100,92.21827666666667
1101,88.32648
1102,92.65761333333334
1103,83.27499999999999
1104,117.40293333333334
1105,87.6013
1106,76.49545666666667
1107,74.8656
1108,-18.595406666666666
1109,-12.71904
1110,-28.854852999999995
1111,-32.614470000000004
1112,-27.807193333333334
1113,-30.21849333333333
1114,-43.52936666666667
1115,-28.95526666666667
1116,-28.084483333333335
1117,-47.2223
1118,61.41147
1119,30.9141723
1120,31.37738733333333
1121,27.594724333333332
1122,29.800766666666664
1123,35.35575956666667
1124,10.478136999999998
1125,-36.30039433333333
1126,-3.5781766666666663
1127,0.9892953333333333
1128,-0.6293593333333333
1129,-1.23203
1130,-3.471778
1131,-15.312289999999999
1132,-0.3660913333333333
1133,-2.3525199999999997
1134,-0.13491066666666665
1135,-16.627540666666665
1136,-22.027473333333333
1137,-1.10067
1138,-16.764684666666668
1139,-0.3397576666666667
1140,0.1296203333333333
1141,0.09551533333333334
1142,-0.9148066666666667
1143,0.5102146666666667
1144,-2.7640499999999997
1145,-0.6121766666666667
1146,-16.069638333333334
1147,-2.5193533333333336
1148,0.0
1149,0.06799566666666666
1150,-4.657803333333333
1151,-1.6626743333333334
1152,0.19944666666666666
1153,-0.08697133333333333
1154,0.6302393333333334
1155,-0.8799253333333333
1156,-0.25709099999999996
1157,-0.9359820000000001
1158,-0.5065196666666667
1159,-5.629922999999999
1160,8.6554
1161,0.785097
1162,12.448166666666667
1163,8.14466
1164,-0.3796713333333334
1165,4.278716666666667
1166,2.897956
1167,8.365310000000001
1168,4.850715
1169,9.54293
1170,7.01764
1171,-12.119739999999998
1172,-20.573710000000002
1173,-20.271191666666667
1174,8.662343333333334
1175,8.311531
1176,-24.430072999999997
1177,-32.6826857
1178,-19.829963333333332
1179,-24.266959999999997
1180,0.12703333333333347
1181,-1.9404579999999998
1182,-18.628595999999998
1183,-0.7840566666666667
1184,-21.689003333333332
1185,-10.594626666666668
1186,-20.587928333333334
1187,-8.621336666666666
1188,-0.3245466666666667
1189,-1.8323566666666669
1190,-12.367074666666666
1191,0.24602033333333337
1192,-0.9514666666666667
1193,0.39268
1194,0.7166473333333333
1195,-3.4141333333333335
1196,-1.5707613333333335
1197,-0.3737
1198,0.10034833333333333
1199,-1.0908443333333333
1200,-15.491370866666665
1201,0.5500430000000001
1202,-13.795684666666666
1203,-1.5512963333333334
1204,0.6205733333333333
1205,-1.3175000000000001
1206,-19.263266666666667
1207,-6.4513826666666665
1208,-1.2441443333333335
1209,-14.303733333333334
1210,0.37048666666666663
1211,-3.1368423333333335
1212,-0.8614434666666667
1213,-0.26189266666666666
1214,-1.396452
1215,0.7567133333333333
1216,0.4122266666666667
1217,-0.3199366666666666
1218,-3.3772013333333333
1219,-4.461841000000001
1220,-2.0870546666666665
1221,-0.8994426666666665
1222,-0.6409889999999999
1223,-0.08813253333333333
1224,-2.572903333333333
1225,-1.8964133333333333
1226,-6.6733796666666665
1227,-1.44812
1228,-0.023405666666666658
1229,-9.18248
1230,-6.5207723333333325
1231,-0.6035923333333334
1232,-3.6654700000000005
1233,-3.913680333333333
1234,-1.6862726666666668
1235,-0.7419380333333333
1236,-0.21659599999999998
1237,0.053966999999999994
1238,-1.5000410000000002
1239,0.24610766666666664
1240,-1.0383550000000001
1241,-2.85115
1242,-2.71711
1243,23.535273333333333
1244,-10.79731566666667
1245,-4.896733333333334
1246,-1.4798983333333335
1247,-6.485100666666667
1248,-10.10635
1249,-1.1980323333333331
1250,0.39730266666666664
1251,-0.493773
1252,-5.2571666666666665
1253,-4.069715333333334
1254,-22.33863
1255,-14.172408999999996
1256,-2.206846666666667
1257,55.096286666666664
1258,-4.307690666666667
1259,8.406147333333333
1260,4.130786666666666
1261,62.00195
1262,80.69044333333333
1263,1.206231
1264,94.08956166666667
1265,97.06852333333332
1266,63.43834833333333
1267,81.50555196666666
1268,84.559833
1269,70.91720333333333
1270,72.87599666666667
1271,60.25618666666667
1272,77.23834670333333
1273,54.77543333333333
1274,69.93595666666666
1275,61.668596666666666
1276,86.66076666666667
1277,143.463999
1278,108.35610500000001
1279,132.94363333333334
1280,76.87666666666667
1281,64.03993333333334
1282,-7.311043333333333
1283,-12.705523333333334
1284,91.0808998
1285,94.98987733333333
1286,90.71933333333334
1287,78.16265233333334
1288,116.16700933333334
1289,79.65143266666666
1290,106.94636333333334
1291,84.79066866666666
1292,91.24627600000001
1293,98.25307199999999
1294,81.03261433333334
1295,96.12867666666665
1296,93.90637666666667
1297,109.77353333333333
1298,82.03724
1299,81.25967333333334
1300,92.37675066666667
1301,93.06379600000001
1302,109.28233333333333
1303,81.46887066666667
1304,89.58257766666667
1305,127.16912566666666
1306,98.62823666666668
1307,117.8873
1308,89.68000403333333
1309,67.63915300000001
1310,87.38011333333333
1311,95.10540333333334
1312,76.39065195666666
1313,101.64879333333333
1314,75.25525666666667
1315,88.71296999999998
1316,131.23233333333334
1317,83.42940833333334
1318,128.63866666666667
1319,129.68731133333333
1320,114.896
1321,114.52333333333333
1322,144.69526999999997
1323,139.05089666666666
1324,100.04563333333334
1325,125.08618233333334
1326,149.1557123
1327,179.45681333333334
1328,92.66983333333333
1329,106.81765519999999
1330,167.95981133333336
1331,76.12459999999999
1332,197.50266666666667
1333,146.69595266666667
1334,189.40605166666668
1335,201.43200000000002
1336,158.98633233333334
1337,66.31636666666667
1338,81.79146533333333
1339,207.22196
1340,209.30803966666667
1341,147.375
1342,198.21083333333334
1343,217.0293333333333
1344,167.63133333333334
1345,203.07667666666666
1346,222.02686200000002
1347,212.94103933333335
1348,209.84952133333334
1349,159.28866666666667
1350,169.24391333333332
1351,186.49166666666665
1352,108.19499533333332
1353,72.2094
1354,76.1734
1355,77.79917400000001
1356,83.07385366666666
1357,90.94020066666667
1358,67.2359
1359,61.117020000000004
1360,57.236466666666665
1361,110.89056000000001
1362,99.18550199999999
1363,76.4466
1364,76.63683333333334
1365,119.75703333333333
1366,82.32846246666666
1367,73.43943333333333
1368,91.59346033333334
1369,69.38755966666666
1370,79.01857266666667
1371,88.41767466666666
1372,126.477256
1373,138.79106433333334
1374,111.66360733333333
1375,173.25699999999998
1376,182.8638533333333
1377,175.041469
1378,152.05856666666668
1379,167.24731
1380,159.40473333333333
1381,149.36465973333335
1382,93.06026666666666
1383,85.22283333333333
1384,-17.5179
1385,78.66768420000001
1386,49.0172
1387,80.81366966666667
1388,120.42369699999999
1389,-10.136161666666668
1390,-16.665142
1391,-18.227813766666667
1392,-8.153363333333333
1393,-26.61231066666667
1394,-31.254466666666662
1395,-30.203963333333334
1396,-12.085958666666665
1397,-16.60790666666667
1398,-13.22067
1399,-32.1917
1400,-9.933375333333332
1401,-20.562727666666667
1402,-16.809849333333332
1403,80.40401333333332
1404,3.166166666666664
1405,-0.22162666666666553
1406,21.812366666666666
1407,18.177566666666667
1408,25.666813333333337
1409,38.10636666666667
1410,79.25800333333333
1411,116.17520999999999
1412,95.284092
1413,36.650189
1414,-2.0472933333333336
1415,-0.28180866666666665
1416,8.553203333333334
1417,0.6316633333333334
1418,20.745696666666667
1419,0.5867233333333334
1420,0.5049833333333333
1421,-1.3558303333333335
1422,-25.664312999999996
1423,-0.024204999999999994
1424,-9.867289333333334
1425,-27.7959
1426,0.13923999999999995
1427,0.35948166666666664
1428,-16.442317566666667
1429,-19.10949
1430,-8.763876666666667
1431,-6.448871
1432,-11.628605666666665
1433,-5.548302433333333
1434,-6.611782000000001
1435,-11.011719666666666
1436,99.29812466666668
1437,104.27606333333334
1438,127.74552333333332
1439,92.64999999999999
1440,119.92249433333332
1441,96.74118
1442,101.22266666666667
1443,116.25256
1444,152.06533333333334
1445,103.02141
1446,128.7883153
1447,108.334039
1448,188.64933333333337
1449,188.02200000000002
1450,166.04033333333334
1451,118.07809999999999
1452,67.69538333333334
1453,80.44120833333334
1454,76.66247766666666
1455,66.65060299999999
1456,62.87846666666667
1457,73.43536666666667
1458,63.25736666666666
1459,124.32308633333332
1460,139.897031
1461,139.098375
1462,165.38539166666666
1463,161.56665666666666
1464,184.63901666666666
1465,221.94252533333335
1466,186.51775666666666
1467,190.94466333333335
1468,155.96048366666665
1469,184.85816666666665
1470,193.11953333333335
1471,64.66969999999999
1472,104.661279
1473,90.77078633333333
1474,116.9695
1475,103.01983333333332
1476,100.43548033333333
1477,87.73069666666667
1478,96.73946666666666
1479,108.59371666666665
1480,99.49702306666666
1481,90.94216666666667
1482,92.31928666666666
1483,86.520729
1484,97.24007333333333
1485,73.65109266666667
1486,93.89185866666668
1487,94.631094
1488,-13.359963333333333
1489,-7.95524
1490,-2.4482519999999997
1491,-5.833166666666666
1492,-9.722265666666667
1493,90.86552333333333
1494,77.23045
1495,110.36295666666666
1496,94.01967
1497,74.398164
1498,107.82427333333332
1499,95.03544666666666
1500,108.21165333333335
1501,118.51063333333332
1502,75.48513766666667
1503,84.23921066666666
1504,82.161666
1505,96.73001733333332
1506,90.12578599999999
1507,97.32003000000002
1508,116.70466333333333
1509,75.23974033333333
1510,-10.045946666666667
1511,-5.157207333333335
1512,-6.846686666666666
1513,1.4711533333333335
1514,107.67680666666666
1515,82.0722
1516,90.61034
1517,98.39906266666668
1518,88.53021333333334
1519,114.41823
1520,95.15043933333334
1521,-8.941390066666667
1522,-13.979746666666665
1523,-6.214294333333334
1524,75.43486299999999
1525,98.07042
1526,96.39602000000001
1527,94.52633800000001
1528,83.37923033333333
1529,-14.6674
1530,-14.703275
1531,-9.114773333333332
1532,-13.916538333333333
1533,-1.505886666666667
1534,-6.548313333333333
1535,70.14990366666667
1536,49.79025566666667
1537,39.0219
1538,31.310243
1539,58.396051
1540,72.87243333333333
1541,54.47267433333334
1542,159.35784566666666
1543,143.73270866666667
1544,182.49184866666667
1545,202.00354333333334
1546,81.58121999999999
1547,75.92322333333333
1548,56.186997
1549,80.71673333333334
1550,88.89560673333335
1551,77.39421
1552,75.80183666666667
1553,86.5377515
1554,76.26222666666668
1555,-34.48921933333333
1556,-26.33958
1557,21.44792
1558,-21.029633333333333
1559,149.03675666666666
1560,174.60143000000002
1561,49.18882666666667
1562,93.55625466666667
1563,87.73456666666668
1564,58.117134666666665
1565,61.95912266666667
1566,78.58903333333335
1567,68.24083333333334
1568,88.95262066666668
1569,103.64397233333334
1570,94.38134333333335
1571,111.96643116666667
1572,96.32371766666667
1573,97.24228666666666
1574,81.55138566666666
1575,71.35689666666666
1576,88.96777233333334
1577,97.11525333333333
1578,71.40698933333333
1579,98.25849693333333
1580,75.26335063333333
1581,90.48047333333334
1582,85.77666899999998
1583,77.44435933333334
1584,71.28903333333334
1585,93.94511520000002
1586,-7.593515333333333
1587,-10.859630000000001
1588,-5.418738666666667
1589,-3.6917046666666664
1590,-9.370610000000001
1591,-11.374674666666666
1592,86.42870666666666
1593,89.15980566666667
1594,71.39197
1595,99.49499100000001
1596,63.190419999999996
1597,82.41408533333333
1598,116.14762333333333
1599,72.52625033333334
1600,116.29129
1601,86.38122333333332
1602,138.61885066666667
1603,87.02266666666667
1604,97.38159259999999
1605,99.37391666666666
1606,68.9085078
1607,-13.579840666666668
1608,-5.171506333333333
1609,-3.99396
1610,83.14968666666665
1611,83.63566666666667
1612,82.62823366666667
1613,95.38574799999999
1614,90.741
1615,91.48288500000001
1616,94.76355666666667
1617,116.49278433333332
1618,104.62769999999999
1619,96.68953666666665
1620,82.05229366666667
1621,102.19866966666666
1622,-2.6905933333333336
1623,-4.395786666666667
1624,7.576505333333333
1625,-23.375646666666665
1626,-24.00986
1627,-4.190408000000001
1628,-17.59573
1629,28.391035
1630,30.84189666666667
1631,29.799970666666667
1632,31.926346666666664
1633,107.477845
1634,91.748037
1635,68.44655333333333
1636,64.62435836666667
1637,83.98116333333333
1638,96.47353833333334
1639,-56.895783333333334
1640,-39.33839666666666
1641,58.94961999999999
1642,172.19509000000002
1643,191.51164233333336
1644,100.05597666666667
1645,47.799420000000005
1646,76.98629666666666
1647,96.811106
1648,49.98407933333334
1649,168.29269333333335
1650,141.89858333333333
1651,176.37491566666665
1652,174.25062333333335
1653,174.21818
1654,168.7430733333333
1655,166.753007
1656,165.640263
1657,157.34614666666667
1658,185.56377666666666
1659,192.74167933333334
1660,95.29653666666667
1661,64.38404
1662,75.41247999999997
1663,173.800777
1664,83.74220333333334
1665,85.95492666666667
1666,119.05606900000002
1667,101.21278666666667
1668,176.25225999999998
1669,221.963381
1670,61.375499999999995
1671,69.72853333333332
1672,200.716869
1673,99.76015366666667
1674,81.86477333333333
1675,123.10326800000001
1676,71.79838333333333
1677,96.65226333333332
1678,78.1512
1679,97.21992
1680,63.08082000000001
1681,64.67091666666666
1682,56.88872666666666
1683,53.15106333333333
1684,64.83896666666666
1685,52.428169999999994
1686,80.59711833333334
1687,66.35718333333334
1688,40.52876666666666
1689,59.09736
1690,68.59731666666666
1691,49.02765333333334
1692,88.13038999999999
1693,93.90279633333334
1694,105.02754666666665
1695,83.94061666666666
1696,116.21163299999999
1697,-12.103455333333335
1698,-11.985658333333333
1699,-8.178061333333334
1700,-8.594508666666666
1701,-3.070187
1702,-3.5617
1703,-3.9154622
1704,-13.4595
1705,-15.803700000000001
1706,-45.1389
1707,-2.9987566666666665
1708,-47.088339
1709,-28.918086666666667
1710,-27.10266
1711,-29.08695
1712,-28.742866666666668
1713,-44.76017099999999
1714,-27.570374666666666
1715,-25.808396666666667
1716,-7.483965333333333
1717,-0.07124533333333333
1718,-12.25014
1719,-0.7084233333333333
1720,0.9828483333333332
1721,0.45606966666666676
1722,-0.63726
1723,-1.8934446666666667
1724,0.48716
1725,-0.3782546666666667
1726,-1.686336
1727,0.131605
1728,-0.7815053333333334
1729,-1.379078
1730,-4.372424666666666
1731,-14.719706333333335
1732,0.9948733333333332
1733,0.30461333333333335
1734,0.3957466666666667
1735,0.0
1736,0.9468960000000001
1737,-0.41396666666666665
1738,-5.751924333333334
1739,-23.71783136666667
1740,-3.1786166666666666
1741,-16.402916666666666
1742,-1.8297313333333332
1743,-11.929472000000002
1744,0.03332246666666667
1745,-2.672243333333333
1746,-4.611582666666666
1747,-13.157205333333332
1748,-2.3951553333333333
1749,-1.787528
1750,-1.5303919333333333
1751,-2.06027
1752,-3.2045133333333333
1753,-21.1745629
1754,-16.039016666666665
1755,-17.96417966666667
1756,-23.16
1757,-0.6506883333333334
1758,-23.787179666666663
1759,-9.12372
1760,-0.645625
1761,-0.088804
1762,0.18985866666666665
1763,-0.9630740000000002
1764,-1.26957
1765,-0.6579576666666667
1766,-15.939613333333334
1767,-2.8465709999999995
1768,-2.5070806666666665
1769,-0.7932543333333334
1770,-5.377154666666667
1771,-0.762594
1772,-6.834614999999999
1773,-0.4927883333333334
1774,0.22972233333333333
1775,-3.077583333333333
1776,-0.13222599999999998
1777,-0.6725133333333333
1778,0.43336900000000006
1779,-0.557329
1780,-3.1898850000000003
1781,-1.9665723333333334
1782,-1.1061323333333333
1783,0.6005866666666667
1784,-3.051785
1785,0.19279806666666666
1786,-0.777971
1787,-0.08489733333333334
1788,-6.047463
1789,0.04405866666666669
1790,-2.8191319999999997
1791,-2.0727100000000003
1792,-1.4501046666666666
1793,-1.782323333333333
1794,-2.906463333333333
1795,-20.769511666666666
1796,0.07575000000000005
1797,-0.4016042666666666
1798,-1.6483036666666668
1799,-0.5748143333333333
1800,-1.6526803333333333
1801,-0.8725506666666667
1802,-0.5899933333333333
1803,-1.854045
1804,6.321276666666667
1805,9.59797
1806,12.575254000000001
1807,7.703449
1808,-1.3486553333333333
1809,-0.8026626666666666
1810,-7.286988
1811,-7.639346666666667
1812,0.031704333333333334
1813,-0.03454133333333331
1814,-2.2221836666666666
1815,-0.60587
1816,-0.2789493333333333
1817,-1.1849066666666666
1818,5.5352923333333335
1819,-0.6068336666666666
1820,-0.4053596666666666
1821,-1.4851006666666666
1822,-1.5604023333333334
1823,-7.9263303333333335
1824,-4.8049813666666665
1825,-10.164433333333333
1826,-4.972521666666666
1827,-2.2511823333333334
1828,-4.10537
1829,-0.4889946666666667
1830,40.79208666666666
1831,85.65477
1832,-0.73965
1833,-33.700418
1834,-6.206669333333334
1835,-44.21856666666667
1836,-5.771365333333333
1837,-9.020296666666667
1838,-20.762342666666665
1839,-18.052503333333334
1840,-29.260516666666664
1841,-29.11406
1842,-26.911732
1843,-23.0158
1844,-19.7146
1845,-15.675033333333337
1846,-28.20873333333333
1847,68.92381263333333
1848,70.12671666666667
1849,62.827596666666665
1850,67.25430666666666
1851,74.64762933333334
1852,98.09654999999998
1853,119.36425633333334
1854,93.64330333333334
1855,143.09388666666666
1856,3.981200000000001
1857,102.84290133333333
1858,-32.054963333333326
1859,-26.765767999999998
1860,109.18041333333333
1861,95.80590333333333
1862,79.710135
1863,94.129688
1864,24.440916666666666
1865,36.530452333333336
1866,22.041550333333333
1867,50.365776000000004
1868,69.65272933333334
1869,45.19170126666666
1870,1.6821873333333333
1871,58.00575
1872,24.247413833333336
1873,-10.279697533333334
1874,-3.71609
1875,0.7433476666666666
1876,-1.3681556666666668
1877,-1.3595486666666667
1878,0.08604346666666667
1879,-0.14554
1880,-2.534803333333333
1881,-23.07473333333333
1882,-10.51672
1883,-1.11172
1884,-9.893033333333333
1885,-11.174532
1886,-12.139725666666665
1887,-12.176203066666668
1888,-12.493206733333333
1889,-18.55719086666667
1890,-13.127583333333334
1891,-4.704243333333333
1892,-9.141543333333333
1893,1.0505566666666668
1894,-0.7338133333333333
1895,0.2260116666666667
1896,0.053966999999999994
1897,24.723441666666663
1898,2.313794
1899,30.677533333333333
1900,-0.015086000000000007
1901,0.25821500000000003
1902,0.4095216666666666
1903,-20.659302
1904,-3.7021073333333336
1905,5.32439
1906,-15.500489333333332
1907,1.79622
1908,4.603276666666666
1909,4.7667953333333335
1910,6.048305666666665
1911,5.677587
1912,0.5294533333333327
1913,-2.9021999999999992
1914,5.38155
1915,5.818796666666667
1916,2.4934308333333335
1917,-5.275860000000001
1918,91.24380000000001
1919,97.94832333333333
1920,-25.877373333333335
1921,-21.478004333333335
1922,-34.87076666666667
1923,-26.946658333333335
1924,-27.778803999999997
1925,-25.745247000000003
1926,-27.25455
1927,-29.674606333333333
1928,-24.93097666666667
1929,-24.622151666666667
1930,-25.043674333333332
1931,-24.965122666666673
1932,-19.027901000000004
1933,-24.528583333333334
1934,-25.87445
1935,-26.258555333333334
1936,-10.573580666666668
1937,-1.9310642333333334
1938,-0.17161423333333334
1939,7.828433333333333
1940,2.335771
1941,-7.063459666666667
1942,1.7656033333333336
1943,12.957403333333332
1944,12.95128333333333
1945,3.8472456666666663
1946,8.150816666666666
1947,0.3966666666666659
1948,4.079640666666666
1949,-12.658469000000002
1950,10.885758666666666
1951,-6.5882320000000005
1952,8.703663333333333
1953,-22.398800333333337
1954,1.0598276666666682
1955,2.410323
1956,7.002187666666667
1957,-0.5151433333333332
1958,1.1446666666666667
1959,-5.629721566666667
1960,-34.53303666666667
1961,-8.285421166666668
1962,-7.313006666666666
1963,-2.2117833333333334
1964,-15.213653333333333
1965,-3.0481366666666667
1966,0.16781633333333335
1967,-7.7925966666666655
1968,2.120573333333334
1969,8.998992000000001
1970,0.2284000000000003
1971,8.586523333333332
1972,0.68549
1973,-2.31263
1974,-19.062938333333335
1975,-9.206326666666667
1976,-7.873729999999999
1977,0.03644733333333334
1978,-2.039032666666667
1979,-0.52744
1980,-1.839561
1981,-1.153664
1982,0.2980743333333334
1983,-0.6123166666666667
1984,-1.3767976666666666
1985,-0.287027
1986,-0.31882533333333335
1987,-2.1891143333333334
1988,-1.5157804666666665
1989,-2.7380999999999998
1990,0.28097333333333335
1991,-0.778231
1992,-1.5425793333333333
1993,-0.1020653333333333
1994,-1.4767133333333333
1995,-0.33421733333333337
1996,-1.79443
1997,-16.9868
1998,-4.88266
1999,-2.082917
